1,google.com
2,youtube.com
3,facebook.com
4,baidu.com
5,yahoo.com
6,wikipedia.org
7,google.co.in
8,tmall.com
9,qq.com
10,amazon.com
11,sohu.com
12,google.co.jp
13,taobao.com
14,live.com
15,vk.com
16,twitter.com
17,linkedin.com
18,instagram.com
19,360.cn
20,yahoo.co.jp
21,sina.com.cn
22,google.de
23,jd.com
24,reddit.com
25,google.co.uk
26,google.fr
27,ebay.com
28,msn.com
29,google.ru
30,bing.com
31,weibo.com
32,netflix.com
33,wordpress.com
34,microsoft.com
35,hao123.com
36,tumblr.com
37,google.com.br
38,stackoverflow.com
39,amazon.co.jp
40,yandex.ru
41,google.it
42,office.com
43,imdb.com
44,apple.com
45,google.es
46,pinterest.com
47,google.com.hk
48,onclkds.com
49,t.co
50,github.com
51,adobe.com
52,service.tmall.com
53,google.com.tw
54,aliexpress.com
55,paypal.com
56,ok.ru
57,blogspot.com
58,google.ca
59,google.com.mx
60,dropbox.com
61,whatsapp.com
62,pornhub.com
63,ask.com
64,diply.com
65,naver.com
66,detail.tmall.com
67,bbc.co.uk
68,amazon.co.uk
69,bbc.com
70,login.tmall.com
71,imgur.com
72,popads.net
73,nytimes.com
74,booking.com
75,soundcloud.com
76,thepiratebay.org
77,onlinesbi.com
78,mail.ru
79,stackexchange.com
80,soso.com
81,google.com.tr
82,livejasmin.com
83,wikihow.com
84,cnet.com
85,theguardian.com
86,tianya.cn
87,spotify.com
88,microsoftonline.com
89,washingtonpost.com
90,google.com.au
91,indeed.com
92,espn.com
93,alipay.com
94,txxx.com
95,google.com.sg
96,google.co.kr
97,google.co.id
98,nih.gov
99,csdn.net
100,chase.com
101,walmart.com
102,twitch.tv
103,w3schools.com
104,pixnet.net
105,gmw.cn
106,wikia.com
107,google.pl
108,googleusercontent.com
109,xhamster.com
110,fc2.com
111,amazon.de
112,coccoc.com
113,salesforce.com
114,bongacams.com
115,adf.ly
116,amazon.in
117,godaddy.com
118,google.com.eg
119,cnn.com
120,google.co.th
121,bestbuy.com
122,google.com.sa
123,askcom.me
124,google.com.pk
125,google.com.ar
126,clicksgear.com
127,alibaba.com
128,craigslist.org
129,savefrom.net
130,blogger.com
131,pages.tmall.com
132,blastingnews.com
133,ebay.de
134,google.nl
135,uptodown.com
136,rakuten.co.jp
137,porn555.com
138,dailymotion.com
139,bet365.com
140,so.com
141,ettoday.net
142,xvideos.com
143,china.com
144,vimeo.com
145,amazonaws.com
146,google.co.ve
147,daum.net
148,google.co.za
149,ebay.co.uk
150,tribunnews.com
151,youth.cn
152,xinhuanet.com
153,vice.com
154,thewhizmarketing.com
155,detik.com
156,quora.com
157,adexchangeprediction.com
158,ntd.tv
159,avito.ru
160,cctv.com
161,google.gr
162,flipkart.com
163,mediafire.com
164,slideshare.net
165,cnzz.com
166,nicovideo.jp
167,hclips.com
168,globo.com
169,dailymail.co.uk
170,google.com.co
171,google.com.ph
172,list.tmall.com
173,google.com.vn
174,google.be
175,deviantart.com
176,force.com
177,varzesh3.com
178,daikynguyenvn.com
179,steampowered.com
180,theladbible.com
181,chaturbate.com
182,upornia.com
183,uol.com.br
184,popcash.net
185,kinogo.club
186,google.com.ua
187,google.se
188,google.ro
189,livedoor.jp
190,blogspot.co.id
191,go2cloud.org
192,chinadaily.com.cn
193,google.az
194,doubleclick.net
195,gfycat.com
196,roblox.com
197,buzzfeed.com
198,123movies.is
199,rule.tmall.com
200,9gag.com
201,reimageplus.com
202,huffingtonpost.com
203,google.at
204,breitbart.com
205,youm7.com
206,softonic.com
207,indiatimes.com
208,amazon.fr
209,china.com.cn
210,myway.com
211,github.io
212,etsy.com
213,mercadolivre.com.br
214,weebly.com
215,redtube.com
216,abs-cbn.com
217,google.com.ng
218,outbrain.com
219,weather.com
220,doublepimp.com
221,google.com.pe
222,rambler.ru
223,forbes.com
224,huaban.com
225,slack.com
226,zhihu.com
227,google.ch
228,amazon.it
229,trello.com
230,google.cz
231,ameblo.jp
232,fbcdn.net
233,getmyads.com
234,dingit.tv
235,tistory.com
236,pinimg.com
237,prestoris.com
238,douyu.com
239,foxnews.com
240,openload.co
241,tokopedia.com
242,skype.com
243,39.net
244,bankofamerica.com
245,google.co.ao
246,bp.blogspot.com
247,k618.cn
248,google.cl
249,livejournal.com
250,google.ae
251,google.dz
252,wordpress.org
253,mozilla.org
254,wordreference.com
255,reddituploads.com
256,wittyfeed.com
257,wellsfargo.com
258,kinopoisk.ru
259,rutracker.org
260,codeonclick.com
261,twimg.com
262,youporn.com
263,google.pt
264,iwanttodeliver.com
265,thewhizproducts.com
266,files.wordpress.com
267,aol.com
268,allegro.pl
269,sabah.com.tr
270,blogspot.in
271,google.no
272,rolloid.net
273,goo.ne.jp
274,naver.jp
275,mailchimp.com
276,mama.cn
277,thesaurus.com
278,babytree.com
279,intuit.com
280,liputan6.com
281,ikea.com
282,putlockers.ch
283,spotscenered.info
284,archive.org
285,zillow.com
286,sogou.com
287,google.hu
288,rarbg.to
289,kompas.com
290,huanqiu.com
291,web.de
292,tripadvisor.com
293,shutterstock.com
294,irctc.co.in
295,onclickpredictiv.com
296,onedio.com
297,yelp.com
298,sourceforge.net
299,giphy.com
300,instructure.com
301,leboncoin.fr
302,sharepoint.com
303,hotstar.com
304,ifeng.com
305,wikimedia.org
306,scribd.com
307,google.ie
308,google.co.il
309,taringa.net
310,businessinsider.com
311,steamcommunity.com
312,ebay-kleinanzeigen.de
313,rt.com
314,youtube-mp3.org
315,conservativetribune.com
316,yts.ag
317,amazon.es
318,kaskus.co.id
319,gmx.net
320,bukalapak.com
321,caijing.com.cn
322,sberbank.ru
323,chaoshi.tmall.com
324,ltn.com.tw
325,wetransfer.com
326,freepik.com
327,cloudfront.net
328,google.dk
329,hatenablog.com
330,google.cn
331,xnxx.com
332,extratorrent.cc
333,themeforest.net
334,goodreads.com
335,digikala.com
336,gearbest.com
337,feedly.com
338,youku.com
339,zippyshare.com
340,pandora.com
341,webtretho.com
342,oracle.com
343,terraclicks.com
344,hp.com
345,espncricinfo.com
346,kakaku.com
347,enet.com.cn
348,pulseonclick.com
349,ruten.com.tw
350,evernote.com
351,dictionary.com
352,yesky.com
353,subscene.com
354,ouo.io
355,orange.fr
356,ab4hr.com
357,google.fi
358,taboola.com
359,mysagagame.com
360,accuweather.com
361,hatena.ne.jp
362,blogspot.com.br
363,4dsply.com
364,weblio.jp
365,dmm.co.jp
366,google.sk
367,seasonvar.ru
368,wix.com
369,qiita.com
370,hola.com
371,go.com
372,fiverr.com
373,asos.com
374,ensonhaber.com
375,poptm.com
376,kissanime.ru
377,ku6.com
378,media.tumblr.com
379,flickr.com
380,zendesk.com
381,messenger.com
382,icloud.com
383,onet.pl
384,bitauto.com
385,snapdeal.com
386,redirectvoluum.com
387,repubblica.it
388,medium.com
389,adnetworkperformance.com
390,battle.net
391,blackboard.com
392,2ch.net
393,speedtest.net
394,ci123.com
395,naij.com
396,spankbang.com
397,telegram.org
398,bilibili.com
399,exoclick.com
400,paytm.com
401,teepr.com
402,hdfcbank.com
403,ablogica.com
404,ndtv.com
405,telegraph.co.uk
406,gsmarena.com
407,gamepedia.com
408,nametests.com
409,sciencedirect.com
410,ebay.it
411,kooora.com
412,samsung.com
413,mixplugin.com
414,free.fr
415,kapanlagi.com
416,behance.net
417,xfinity.com
418,mit.edu
419,hilltopads.net
420,blogspot.jp
421,researchgate.net
422,4shared.com
423,amazon.ca
424,mercadolibre.com.ar
425,spiegel.de
426,nownews.com
427,forums.wordpress.com
428,albawabhnews.com
429,biobiochile.cl
430,americanexpress.com
431,rumble.com
432,haber7.com
433,seznam.cz
434,wp.pl
435,gismeteo.ru
436,icicibank.com
437,avg.com
438,beeg.com
439,usps.com
440,atlassian.net
441,upwork.com
442,bloomberg.com
443,onlinevideoconverter.com
444,newtabtv.com
445,shopify.com
446,eastday.com
447,4chan.org
448,google.kz
449,ups.com
450,videodownloadconverter.com
451,my-hit.org
452,aparat.com
453,ebay.com.au
454,usatoday.com
455,udemy.com
456,canva.com
457,independent.co.uk
458,capitalone.com
459,baike.com
460,prezi.com
461,taleo.net
462,elpais.com
463,rednet.cn
464,discordapp.com
465,weevah2.top
466,patch.com
467,wixsite.com
468,dumedia.ru
469,leagueoflegends.com
470,thefreedictionary.com
471,err.tmall.com
472,google.com.kw
473,vporn.com
474,box.com
475,videoyoum7.com
476,t-online.de
477,blog.jp
478,azlyrics.com
479,hotmovs.com
480,reference.com
481,yallakora.com
482,dell.com
483,airbnb.com
484,discover.wordpress.com
485,blogspot.mx
486,perfecttoolmedia.com
487,tutorialspoint.com
488,reuters.com
489,googlevideo.com
490,blogfa.com
491,cricbuzz.com
492,rediff.com
493,zoho.com
494,elbalad.news
495,marca.com
496,jabong.com
497,homedepot.com
498,wsj.com
499,hespress.com
500,chatwork.com